model_team,pointNA,target_end_date
GT.DeepCOVID,18354.8466,2020-05-09
GT.DeepCOVID,20175.0748,2020-05-16
SWC.TerminusCM,24584,2020-06-15
USACE.ERDC_SEIR,32022.5325188118,2020-06-15
SWC.TerminusCM,24603,2020-06-16
USACE.ERDC_SEIR,32061.5146074117,2020-06-16
SWC.TerminusCM,24624,2020-06-17
USACE.ERDC_SEIR,32097.828731757,2020-06-17
SWC.TerminusCM,24646,2020-06-18
USACE.ERDC_SEIR,32131.6431186786,2020-06-18
MIT_CovAlliance.SIR,30574.072,2020-06-19
SWC.TerminusCM,24668,2020-06-19
USACE.ERDC_SEIR,32163.1285560897,2020-06-19
SWC.TerminusCM,24688,2020-06-20
USACE.ERDC_SEIR,32192.4362688803,2020-06-20
MIT_CovAlliance.SIR,30604.496,2020-06-20
SWC.TerminusCM,24688,2020-06-20
USACE.ERDC_SEIR,32192.4362688803,2020-06-20
Covid19Sim.Simulator,30962.1649453537,2020-06-21
MIT_CovAlliance.SIR,30633.578,2020-06-21
SWC.TerminusCM,24708,2020-06-21
USACE.ERDC_SEIR,32219.7145856998,2020-06-21
PSI.DRAFT,31109,2020-06-22
Auquan.SEIR,31265,2020-06-22
CU.nochange,31156,2020-06-22
CU.scenario_high,31157,2020-06-22
CU.scenario_low,31156,2020-06-22
CU.scenario_mid,31158,2020-06-22
CU.select,31156,2020-06-22
Covid19Sim.Simulator,30992.9882915426,2020-06-22
CovidActNow.SEIR_CAN,,2020-06-22
Geneva.DetGrowth,31175.0515200648,2020-06-22
IowaStateLW.STEM,31099,2020-06-22
JHU_IDD.CovidSP,30948.9333333333,2020-06-22
LANL.GrowthRate,31166.1844712411,2020-06-22
OliverWyman.Navigator,31165.53876,2020-06-22
UA.EpiCovDA,31144,2020-06-22
UCLA.SuEIR,31167.9563559272,2020-06-22
MIT_CovAlliance.SIR,30661.365,2020-06-22
SWC.TerminusCM,24726,2020-06-22
USACE.ERDC_SEIR,32245.0997541971,2020-06-22
MIT_CovidAnalytics.DELPHI,31144,2020-06-23
MOBS_NEU.GLEAM_COVID,31139.6143042602,2020-06-23
NotreDame.mobility,24746.1004921005,2020-06-23
PSI.DRAFT,31134.5,2020-06-23
UT.Mobility,31364,2020-06-23
Auquan.SEIR,31397,2020-06-23
CU.nochange,31193,2020-06-23
CU.scenario_high,31192,2020-06-23
CU.scenario_low,31191,2020-06-23
CU.scenario_mid,31193,2020-06-23
CU.select,31191,2020-06-23
Covid19Sim.Simulator,31022.3855295788,2020-06-23
CovidActNow.SEIR_CAN,,2020-06-23
Geneva.DetGrowth,31219.6362313946,2020-06-23
IowaStateLW.STEM,31171,2020-06-23
JHU_IDD.CovidSP,31012.8866666667,2020-06-23
LANL.GrowthRate,31207.1210845077,2020-06-23
OliverWyman.Navigator,31205.42531,2020-06-23
UA.EpiCovDA,31162,2020-06-23
UCLA.SuEIR,31208.6560668228,2020-06-23
MIT_CovAlliance.SIR,30687.932,2020-06-23
SWC.TerminusCM,24744,2020-06-23
USACE.ERDC_SEIR,32268.717416569,2020-06-23
MIT_CovidAnalytics.DELPHI,31153,2020-06-24
MOBS_NEU.GLEAM_COVID,31156.4432674161,2020-06-24
NotreDame.mobility,24757.4062604063,2020-06-24
PSI.DRAFT,31159,2020-06-24
UT.Mobility,31394,2020-06-24
Auquan.SEIR,31519,2020-06-24
CU.nochange,31226,2020-06-24
CU.scenario_high,31229,2020-06-24
CU.scenario_low,31225,2020-06-24
CU.scenario_mid,31226,2020-06-24
CU.select,31225,2020-06-24
Covid19Sim.Simulator,31050.546956247,2020-06-24
CovidActNow.SEIR_CAN,,2020-06-24
Geneva.DetGrowth,31263.2864571888,2020-06-24
IowaStateLW.STEM,31238,2020-06-24
JHU_IDD.CovidSP,31075.4433333333,2020-06-24
LANL.GrowthRate,31246.7442822792,2020-06-24
OliverWyman.Navigator,31244.69591,2020-06-24
UA.EpiCovDA,31180,2020-06-24
UCLA.SuEIR,31247.218730517,2020-06-24
MIT_CovAlliance.SIR,30713.312,2020-06-24
SWC.TerminusCM,24761,2020-06-24
USACE.ERDC_SEIR,32290.6857123866,2020-06-24
YYG.ParamSearch,31296.231649607,2020-06-25
SWC.TerminusCM,24778,2020-06-25
USACE.ERDC_SEIR,32311.1195244331,2020-06-25
MIT_CovidAnalytics.DELPHI,31161,2020-06-25
MOBS_NEU.GLEAM_COVID,31172.3983245212,2020-06-25
NotreDame.mobility,24768.3377733378,2020-06-25
PSI.DRAFT,31182,2020-06-25
UT.Mobility,31422,2020-06-25
Auquan.SEIR,31632,2020-06-25
CU.nochange,31257,2020-06-25
CU.scenario_high,31261,2020-06-25
CU.scenario_low,31258,2020-06-25
CU.scenario_mid,31258,2020-06-25
CU.select,31258,2020-06-25
Covid19Sim.Simulator,31077.4830766977,2020-06-25
CovidActNow.SEIR_CAN,,2020-06-25
Geneva.DetGrowth,31306.0213543796,2020-06-25
IowaStateLW.STEM,31301,2020-06-25
JHU_IDD.CovidSP,31137.0733333333,2020-06-25
LANL.GrowthRate,31282.6106894277,2020-06-25
OliverWyman.Navigator,31283.35843,2020-06-25
UA.EpiCovDA,31198,2020-06-25
UCLA.SuEIR,31283.7578708241,2020-06-25
MIT_CovAlliance.SIR,30737.564,2020-06-25
SWC.TerminusCM,24794,2020-06-26
USACE.ERDC_SEIR,32330.1256991692,2020-06-26
YYG.ParamSearch,31325.2879189673,2020-06-26
MIT_CovidAnalytics.DELPHI,31168,2020-06-26
MOBS_NEU.GLEAM_COVID,31187.5207511835,2020-06-26
NotreDame.mobility,24778.9351759352,2020-06-26
PSI.DRAFT,31205,2020-06-26
UT.Mobility,31448.5,2020-06-26
Auquan.SEIR,31738,2020-06-26
CU.nochange,31289,2020-06-26
CU.scenario_high,31294,2020-06-26
CU.scenario_low,31293,2020-06-26
CU.scenario_mid,31292,2020-06-26
CU.select,31293,2020-06-26
Covid19Sim.Simulator,31102.8930784916,2020-06-26
CovidActNow.SEIR_CAN,,2020-06-26
Geneva.DetGrowth,31347.8596871821,2020-06-26
IowaStateLW.STEM,31362,2020-06-26
JHU_IDD.CovidSP,31198.5133333333,2020-06-26
LANL.GrowthRate,31317.207017716,2020-06-26
OliverWyman.Navigator,31321.13129,2020-06-26
UA.EpiCovDA,31215,2020-06-26
UCLA.SuEIR,31318.37906066,2020-06-26
MIT_CovAlliance.SIR,30760.738,2020-06-26
Auquan.SEIR,31837,2020-06-27
COVIDhub.ensemble,31363.4243552809,2020-06-27
CU.nochange,31322,2020-06-27
CU.scenario_high,31327,2020-06-27
CU.scenario_low,31326,2020-06-27
CU.scenario_mid,31322,2020-06-27
CU.select,31326,2020-06-27
Covid19Sim.Simulator,31127.4793725895,2020-06-27
CovidActNow.SEIR_CAN,,2020-06-27
IHME.CurveFit,31201.6651709631,2020-06-27
IowaStateLW.STEM,31418,2020-06-27
JHU_IDD.CovidSP,31260.3433333333,2020-06-27
LANL.GrowthRate,31354.0537255656,2020-06-27
MIT_CovAlliance.SIR,30782.877,2020-06-27
MIT_CovidAnalytics.DELPHI,31175,2020-06-27
MOBS_NEU.GLEAM_COVID,31201.8173264401,2020-06-27
NotreDame.mobility,24789.2251452251,2020-06-27
OliverWyman.Navigator,31357.61464,2020-06-27
PSI.DRAFT,31227,2020-06-27
UA.EpiCovDA,31232,2020-06-27
UCLA.SuEIR,31351.1820846408,2020-06-27
UMass.MechBayes,31340,2020-06-27
UT.Mobility,31473,2020-06-27
epiforecasts.ensemble1,31638,2020-06-27
SWC.TerminusCM,24809,2020-06-27
USACE.ERDC_SEIR,32347.7900068161,2020-06-27
SWC.TerminusCM,24809,2020-06-27
USACE.ERDC_SEIR,32347.7900068161,2020-06-27
YYG.ParamSearch,31352.479234901,2020-06-27
MIT_CovidAnalytics.DELPHI,31175,2020-06-27
MOBS_NEU.GLEAM_COVID,31201.8173264401,2020-06-27
NotreDame.mobility,24789.2251452251,2020-06-27
PSI.DRAFT,31227,2020-06-27
UT.Mobility,31473,2020-06-27
Auquan.SEIR,31837,2020-06-27
CU.nochange,31322,2020-06-27
CU.scenario_high,31327,2020-06-27
CU.scenario_low,31326,2020-06-27
CU.scenario_mid,31322,2020-06-27
CU.select,31326,2020-06-27
Covid19Sim.Simulator,31127.4793725895,2020-06-27
CovidActNow.SEIR_CAN,,2020-06-27
Geneva.DetGrowth,31388.8198351459,2020-06-27
IowaStateLW.STEM,31418,2020-06-27
JHU_IDD.CovidSP,31260.3433333333,2020-06-27
LANL.GrowthRate,31354.0537255656,2020-06-27
OliverWyman.Navigator,31357.61464,2020-06-27
UA.EpiCovDA,31232,2020-06-27
MIT_CovAlliance.SIR,30782.877,2020-06-27
MIT_CovAlliance.SIR,30804.031,2020-06-28
SWC.TerminusCM,24823,2020-06-28
USACE.ERDC_SEIR,32364.2051764297,2020-06-28
YYG.ParamSearch,31377.9277833228,2020-06-28
MIT_CovidAnalytics.DELPHI,31181,2020-06-28
MOBS_NEU.GLEAM_COVID,31215.3500054308,2020-06-28
NotreDame.mobility,24799.2378732379,2020-06-28
PSI.DRAFT,31247,2020-06-28
UT.Mobility,31499,2020-06-28
Auquan.SEIR,31928,2020-06-28
CU.nochange,31353,2020-06-28
CU.scenario_high,31356,2020-06-28
CU.scenario_low,31359,2020-06-28
CU.scenario_mid,31355,2020-06-28
CU.select,31359,2020-06-28
Covid19Sim.Simulator,31150.8776134857,2020-06-28
CovidActNow.SEIR_CAN,,2020-06-28
IowaStateLW.STEM,31471,2020-06-28
JHU_IDD.CovidSP,31322.0266666667,2020-06-28
LANL.GrowthRate,31387.5854176281,2020-06-28
OliverWyman.Navigator,31392.35035,2020-06-28
UA.EpiCovDA,31249,2020-06-28
UCLA.SuEIR,31382.2617707803,2020-06-28
MIT_CovAlliance.SIR,30824.24,2020-06-29
SWC.TerminusCM,24837,2020-06-29
USACE.ERDC_SEIR,32379.4555873693,2020-06-29
YYG.ParamSearch,31401.74890747,2020-06-29
MIT_CovidAnalytics.DELPHI,31186,2020-06-29
MOBS_NEU.GLEAM_COVID,31228.1782347072,2020-06-29
NotreDame.mobility,24808.968031968,2020-06-29
PSI.DRAFT,31266,2020-06-29
UT.Mobility,31522.5,2020-06-29
Auquan.SEIR,32014,2020-06-29
CU.nochange,31381,2020-06-29
CU.scenario_high,31387,2020-06-29
CU.scenario_low,31388,2020-06-29
CU.scenario_mid,31382,2020-06-29
CU.select,31388,2020-06-29
Covid19Sim.Simulator,31173.321985129,2020-06-29
CovidActNow.SEIR_CAN,,2020-06-29
IowaStateLW.STEM,31522,2020-06-29
JHU_IDD.CovidSP,31383.0533333333,2020-06-29
LANL.GrowthRate,31420.8151804853,2020-06-29
OliverWyman.Navigator,31426.16844,2020-06-29
UA.EpiCovDA,31266,2020-06-29
UCLA.SuEIR,31411.7082222179,2020-06-29
MIT_CovAlliance.SIR,30843.55,2020-06-30
SWC.TerminusCM,24851,2020-06-30
USACE.ERDC_SEIR,32393.6208366764,2020-06-30
YYG.ParamSearch,31424.0512203275,2020-06-30
MIT_CovidAnalytics.DELPHI,31191,2020-06-30
MOBS_NEU.GLEAM_COVID,31240.3666632327,2020-06-30
NotreDame.mobility,24818.49002849,2020-06-30
PSI.DRAFT,31283,2020-06-30
UT.Mobility,31543,2020-06-30
Auquan.SEIR,32093,2020-06-30
CU.nochange,31412,2020-06-30
CU.scenario_high,31418,2020-06-30
CU.scenario_low,31416,2020-06-30
CU.scenario_mid,31411,2020-06-30
CU.select,31416,2020-06-30
Covid19Sim.Simulator,31194.8341619514,2020-06-30
CovidActNow.SEIR_CAN,,2020-06-30
IowaStateLW.STEM,31569,2020-06-30
JHU_IDD.CovidSP,31444.48,2020-06-30
LANL.GrowthRate,31453.5261494979,2020-06-30
OliverWyman.Navigator,31459.3294,2020-06-30
UA.EpiCovDA,31282,2020-06-30
UCLA.SuEIR,31439.6070388549,2020-06-30
Auquan.SEIR,32167,2020-07-01
CU.nochange,31440,2020-07-01
CU.scenario_high,31446,2020-07-01
CU.scenario_low,31449,2020-07-01
CU.scenario_mid,31439,2020-07-01
CU.select,31449,2020-07-01
Covid19Sim.Simulator,31215.4962352494,2020-07-01
CovidActNow.SEIR_CAN,,2020-07-01
IowaStateLW.STEM,31614,2020-07-01
JHU_IDD.CovidSP,31506.4433333333,2020-07-01
LANL.GrowthRate,31483.6567805606,2020-07-01
OliverWyman.Navigator,31491.75499,2020-07-01
UA.EpiCovDA,31298,2020-07-01
UCLA.SuEIR,31466.0395293015,2020-07-01
MIT_CovAlliance.SIR,30862,2020-07-01
SWC.TerminusCM,24863,2020-07-01
USACE.ERDC_SEIR,32406.7791215776,2020-07-01
YYG.ParamSearch,31444.9369187546,2020-07-01
MIT_CovidAnalytics.DELPHI,31196,2020-07-01
MOBS_NEU.GLEAM_COVID,31251.8784125427,2020-07-01
NotreDame.mobility,24827.8417878418,2020-07-01
PSI.DRAFT,31300.5,2020-07-01
UT.Mobility,31562.5,2020-07-01
MIT_CovidAnalytics.DELPHI,31200,2020-07-02
MOBS_NEU.GLEAM_COVID,31262.8744614628,2020-07-02
NotreDame.mobility,24837.0572020572,2020-07-02
PSI.DRAFT,31319,2020-07-02
UT.Mobility,31581.5,2020-07-02
Auquan.SEIR,32236,2020-07-02
CU.nochange,31470,2020-07-02
CU.scenario_high,31479,2020-07-02
CU.scenario_low,31479,2020-07-02
CU.scenario_mid,31466,2020-07-02
CU.select,31479,2020-07-02
Covid19Sim.Simulator,31235.4548116393,2020-07-02
CovidActNow.SEIR_CAN,,2020-07-02
IowaStateLW.STEM,31656,2020-07-02
JHU_IDD.CovidSP,31568.26,2020-07-02
LANL.GrowthRate,31515.9531827958,2020-07-02
OliverWyman.Navigator,31523.67493,2020-07-02
UA.EpiCovDA,31314,2020-07-02
UCLA.SuEIR,31491.0828186488,2020-07-02
MIT_CovAlliance.SIR,30879.627,2020-07-02
SWC.TerminusCM,24876,2020-07-02
USACE.ERDC_SEIR,32418.9985571332,2020-07-02
YYG.ParamSearch,31464.5023760134,2020-07-02
MIT_CovidAnalytics.DELPHI,31204,2020-07-03
MOBS_NEU.GLEAM_COVID,31273.2873114088,2020-07-03
NotreDame.mobility,24846.1828911829,2020-07-03
PSI.DRAFT,31335,2020-07-03
UT.Mobility,31598,2020-07-03
Auquan.SEIR,32301,2020-07-03
CU.nochange,31501,2020-07-03
CU.scenario_high,31506,2020-07-03
CU.scenario_low,31505,2020-07-03
CU.scenario_mid,31494,2020-07-03
CU.select,31505,2020-07-03
Covid19Sim.Simulator,31254.672721962,2020-07-03
CovidActNow.SEIR_CAN,,2020-07-03
IowaStateLW.STEM,31696,2020-07-03
JHU_IDD.CovidSP,31630.8766666667,2020-07-03
LANL.GrowthRate,31547.2934098423,2020-07-03
OliverWyman.Navigator,31554.85306,2020-07-03
UA.EpiCovDA,31330,2020-07-03
UCLA.SuEIR,31514.8086959996,2020-07-03
MIT_CovAlliance.SIR,30896.47,2020-07-03
SWC.TerminusCM,24887,2020-07-03
USACE.ERDC_SEIR,32430.3437766302,2020-07-03
YYG.ParamSearch,31482.8385841666,2020-07-03
YYG.ParamSearch,31500.0314497823,2020-07-04
YYG.ParamSearch,31500.0314497823,2020-07-04
MIT_CovidAnalytics.DELPHI,31207,2020-07-04
MOBS_NEU.GLEAM_COVID,31283.1921957673,2020-07-04
NotreDame.mobility,24855.264957265,2020-07-04
PSI.DRAFT,31350,2020-07-04
UT.Mobility,31615,2020-07-04
Auquan.SEIR,32360,2020-07-04
CU.nochange,31530,2020-07-04
CU.scenario_high,31538,2020-07-04
CU.scenario_low,31537,2020-07-04
CU.scenario_mid,31522,2020-07-04
CU.select,31537,2020-07-04
Covid19Sim.Simulator,31273.1813323349,2020-07-04
CovidActNow.SEIR_CAN,,2020-07-04
IowaStateLW.STEM,31733,2020-07-04
JHU_IDD.CovidSP,31693.2433333333,2020-07-04
LANL.GrowthRate,31575.175490425,2020-07-04
OliverWyman.Navigator,31584.51054,2020-07-04
UA.EpiCovDA,31345,2020-07-04
MIT_CovAlliance.SIR,30912.566,2020-07-04
SWC.TerminusCM,24898,2020-07-04
USACE.ERDC_SEIR,32440.8765489512,2020-07-04
Auquan.SEIR,32360,2020-07-04
COVIDhub.ensemble,31565.2248792143,2020-07-04
CU.nochange,31530,2020-07-04
CU.scenario_high,31538,2020-07-04
CU.scenario_low,31537,2020-07-04
CU.scenario_mid,31522,2020-07-04
CU.select,31537,2020-07-04
Covid19Sim.Simulator,31273.1813323349,2020-07-04
CovidActNow.SEIR_CAN,,2020-07-04
IHME.CurveFit,31381.393362915,2020-07-04
IowaStateLW.STEM,31733,2020-07-04
JHU_IDD.CovidSP,31693.2433333333,2020-07-04
LANL.GrowthRate,31575.175490425,2020-07-04
MIT_CovAlliance.SIR,30912.566,2020-07-04
MIT_CovidAnalytics.DELPHI,31207,2020-07-04
MOBS_NEU.GLEAM_COVID,31283.1921957673,2020-07-04
NotreDame.mobility,24855.264957265,2020-07-04
OliverWyman.Navigator,31584.51054,2020-07-04
PSI.DRAFT,31350,2020-07-04
UA.EpiCovDA,31345,2020-07-04
UCLA.SuEIR,31537.2853889739,2020-07-04
UMass.MechBayes,31539,2020-07-04
UT.Mobility,31615,2020-07-04
epiforecasts.ensemble1,31965,2020-07-04
SWC.TerminusCM,24898,2020-07-04
USACE.ERDC_SEIR,32440.8765489512,2020-07-04
YYG.ParamSearch,31516.1620140187,2020-07-05
MIT_CovidAnalytics.DELPHI,31210,2020-07-05
MOBS_NEU.GLEAM_COVID,31292.5900191281,2020-07-05
NotreDame.mobility,24864.2726162726,2020-07-05
PSI.DRAFT,31363,2020-07-05
UT.Mobility,31631,2020-07-05
Auquan.SEIR,32416,2020-07-05
CU.nochange,31557,2020-07-05
CU.scenario_high,31565,2020-07-05
CU.scenario_low,31569,2020-07-05
CU.scenario_mid,31550,2020-07-05
CU.select,31569,2020-07-05
Covid19Sim.Simulator,31290.9982167008,2020-07-05
CovidActNow.SEIR_CAN,,2020-07-05
IowaStateLW.STEM,31769,2020-07-05
JHU_IDD.CovidSP,31756.6266666667,2020-07-05
LANL.GrowthRate,31602.6908299727,2020-07-05
OliverWyman.Navigator,31612.89766,2020-07-05
UA.EpiCovDA,31361,2020-07-05
UCLA.SuEIR,31558.5779150109,2020-07-05
MIT_CovAlliance.SIR,30927.947,2020-07-05
SWC.TerminusCM,24909,2020-07-05
USACE.ERDC_SEIR,32450.6551513434,2020-07-05
YYG.ParamSearch,31531.3066174732,2020-07-06
MIT_CovidAnalytics.DELPHI,31213,2020-07-06
MOBS_NEU.GLEAM_COVID,31301.5307534775,2020-07-06
NotreDame.mobility,24873.2762052762,2020-07-06
PSI.DRAFT,31378.5,2020-07-06
UT.Mobility,31647,2020-07-06
Auquan.SEIR,32468,2020-07-06
CU.nochange,31586,2020-07-06
CU.scenario_high,31594,2020-07-06
CU.scenario_low,31599,2020-07-06
CU.scenario_mid,31574,2020-07-06
CU.select,31599,2020-07-06
Covid19Sim.Simulator,31308.4532801206,2020-07-06
CovidActNow.SEIR_CAN,,2020-07-06
IowaStateLW.STEM,31802,2020-07-06
JHU_IDD.CovidSP,31820.76,2020-07-06
LANL.GrowthRate,31629.308272475,2020-07-06
OliverWyman.Navigator,31640.59527,2020-07-06
UA.EpiCovDA,31376,2020-07-06
UCLA.SuEIR,31578.7479786022,2020-07-06
MIT_CovAlliance.SIR,30942.645,2020-07-06
SWC.TerminusCM,24919,2020-07-06
USACE.ERDC_SEIR,32459.7340083384,2020-07-06
YYG.ParamSearch,31545.5370965985,2020-07-07
MIT_CovidAnalytics.DELPHI,31216,2020-07-07
MOBS_NEU.GLEAM_COVID,31310.0214498535,2020-07-07
NotreDame.mobility,24882.3245273245,2020-07-07
PSI.DRAFT,31390,2020-07-07
UT.Mobility,31660,2020-07-07
Auquan.SEIR,32516,2020-07-07
CU.nochange,31610,2020-07-07
CU.scenario_high,31624,2020-07-07
CU.scenario_low,31630,2020-07-07
CU.scenario_mid,31598,2020-07-07
CU.select,31630,2020-07-07
Covid19Sim.Simulator,31325.275623904,2020-07-07
CovidActNow.SEIR_CAN,,2020-07-07
IowaStateLW.STEM,31834,2020-07-07
JHU_IDD.CovidSP,31885.1333333333,2020-07-07
LANL.GrowthRate,31657.642639388,2020-07-07
OliverWyman.Navigator,31667.62871,2020-07-07
UA.EpiCovDA,31391,2020-07-07
UCLA.SuEIR,31597.8541361571,2020-07-07
MIT_CovAlliance.SIR,30956.697,2020-07-07
SWC.TerminusCM,24929,2020-07-07
USACE.ERDC_SEIR,32468.1616119499,2020-07-07
YYG.ParamSearch,31559.1833912495,2020-07-08
MIT_CovidAnalytics.DELPHI,31218,2020-07-08
MOBS_NEU.GLEAM_COVID,31318.0883855269,2020-07-08
NotreDame.mobility,24891.4582824583,2020-07-08
PSI.DRAFT,31402.5,2020-07-08
UT.Mobility,31672,2020-07-08
Auquan.SEIR,32561,2020-07-08
CU.nochange,31637,2020-07-08
CU.scenario_high,31652,2020-07-08
CU.scenario_low,31654,2020-07-08
CU.scenario_mid,31625,2020-07-08
CU.select,31654,2020-07-08
Covid19Sim.Simulator,31342.0455303348,2020-07-08
CovidActNow.SEIR_CAN,,2020-07-08
IowaStateLW.STEM,31864,2020-07-08
JHU_IDD.CovidSP,31951.3466666667,2020-07-08
LANL.GrowthRate,31683.5688312719,2020-07-08
OliverWyman.Navigator,31694.00663,2020-07-08
UA.EpiCovDA,31405,2020-07-08
UCLA.SuEIR,31615.9519528515,2020-07-08
MIT_CovAlliance.SIR,30970.13,2020-07-08
SWC.TerminusCM,24939,2020-07-08
USACE.ERDC_SEIR,32475.9835644932,2020-07-08
YYG.ParamSearch,31572.2879922312,2020-07-09
MIT_CovidAnalytics.DELPHI,31220,2020-07-09
MOBS_NEU.GLEAM_COVID,31325.7845449556,2020-07-09
NotreDame.mobility,24900.6727716728,2020-07-09
PSI.DRAFT,31415,2020-07-09
UT.Mobility,31683,2020-07-09
Auquan.SEIR,32602,2020-07-09
CU.nochange,31667,2020-07-09
CU.scenario_high,31684,2020-07-09
CU.scenario_low,31683,2020-07-09
CU.scenario_mid,31650,2020-07-09
CU.select,31683,2020-07-09
Covid19Sim.Simulator,31357.7251207298,2020-07-09
CovidActNow.SEIR_CAN,,2020-07-09
IowaStateLW.STEM,31892,2020-07-09
JHU_IDD.CovidSP,32018.2266666667,2020-07-09
LANL.GrowthRate,31708.6985169284,2020-07-09
OliverWyman.Navigator,31719.72478,2020-07-09
UA.EpiCovDA,31419,2020-07-09
UCLA.SuEIR,31633.0941518413,2020-07-09
MIT_CovAlliance.SIR,30982.973,2020-07-09
SWC.TerminusCM,24948,2020-07-09
USACE.ERDC_SEIR,32483.2421421579,2020-07-09
YYG.ParamSearch,31584.8916596192,2020-07-10
MIT_CovidAnalytics.DELPHI,31222,2020-07-10
MOBS_NEU.GLEAM_COVID,31333.12525782,2020-07-10
NotreDame.mobility,24910.028009028,2020-07-10
PSI.DRAFT,31427,2020-07-10
UT.Mobility,31694,2020-07-10
Auquan.SEIR,32641,2020-07-10
CU.nochange,31695,2020-07-10
CU.scenario_high,31715,2020-07-10
CU.scenario_low,31713,2020-07-10
CU.scenario_mid,31672,2020-07-10
CU.select,31713,2020-07-10
Covid19Sim.Simulator,31372.7329916901,2020-07-10
CovidActNow.SEIR_CAN,,2020-07-10
IowaStateLW.STEM,31919,2020-07-10
JHU_IDD.CovidSP,32085.6066666667,2020-07-10
LANL.GrowthRate,31735.2763367713,2020-07-10
OliverWyman.Navigator,31744.77223,2020-07-10
UA.EpiCovDA,31432,2020-07-10
UCLA.SuEIR,31649.3307477815,2020-07-10
MIT_CovAlliance.SIR,30995.248,2020-07-10
SWC.TerminusCM,24956,2020-07-10
USACE.ERDC_SEIR,32489.9753362329,2020-07-10
YYG.ParamSearch,31597.033368211,2020-07-11
MIT_CovidAnalytics.DELPHI,31224,2020-07-11
MOBS_NEU.GLEAM_COVID,31340.1202241378,2020-07-11
NotreDame.mobility,24919.5552965553,2020-07-11
PSI.DRAFT,31440,2020-07-11
UT.Mobility,31707,2020-07-11
YYG.ParamSearch,31597.033368211,2020-07-11
Auquan.SEIR,32678,2020-07-11
CU.nochange,31721,2020-07-11
CU.scenario_high,31742,2020-07-11
CU.scenario_low,31742,2020-07-11
CU.scenario_mid,31702,2020-07-11
CU.select,31742,2020-07-11
Covid19Sim.Simulator,31387.223749564,2020-07-11
CovidActNow.SEIR_CAN,,2020-07-11
IowaStateLW.STEM,31944,2020-07-11
JHU_IDD.CovidSP,32155.0266666667,2020-07-11
LANL.GrowthRate,31761.1320253071,2020-07-11
OliverWyman.Navigator,31769.15553,2020-07-11
UA.EpiCovDA,31444,2020-07-11
MIT_CovAlliance.SIR,31006.988,2020-07-11
SWC.TerminusCM,24964,2020-07-11
USACE.ERDC_SEIR,32496.2200689239,2020-07-11
Auquan.SEIR,32678,2020-07-11
COVIDhub.ensemble,31717.2909337787,2020-07-11
CU.nochange,31721,2020-07-11
CU.scenario_high,31742,2020-07-11
CU.scenario_low,31742,2020-07-11
CU.scenario_mid,31702,2020-07-11
CU.select,31742,2020-07-11
Covid19Sim.Simulator,31387.223749564,2020-07-11
CovidActNow.SEIR_CAN,,2020-07-11
IHME.CurveFit,31513.9352560991,2020-07-11
IowaStateLW.STEM,31944,2020-07-11
JHU_IDD.CovidSP,32155.0266666667,2020-07-11
LANL.GrowthRate,31761.1320253071,2020-07-11
MIT_CovAlliance.SIR,31006.988,2020-07-11
MIT_CovidAnalytics.DELPHI,31224,2020-07-11
MOBS_NEU.GLEAM_COVID,31340.1202241378,2020-07-11
NotreDame.mobility,24919.5552965553,2020-07-11
OliverWyman.Navigator,31769.15553,2020-07-11
PSI.DRAFT,31440,2020-07-11
UA.EpiCovDA,31444,2020-07-11
UCLA.SuEIR,31664.7089660861,2020-07-11
UMass.MechBayes,31698,2020-07-11
UT.Mobility,31707,2020-07-11
epiforecasts.ensemble1,32262,2020-07-11
SWC.TerminusCM,24964,2020-07-11
USACE.ERDC_SEIR,32496.2200689239,2020-07-11
YYG.ParamSearch,31608.7502491979,2020-07-12
MIT_CovidAnalytics.DELPHI,31226,2020-07-12
MOBS_NEU.GLEAM_COVID,31346.7631518119,2020-07-12
NotreDame.mobility,24929.2814592815,2020-07-12
PSI.DRAFT,31449,2020-07-12
UT.Mobility,31717,2020-07-12
Auquan.SEIR,32711,2020-07-12
CU.nochange,31749,2020-07-12
CU.scenario_high,31773,2020-07-12
CU.scenario_low,31772,2020-07-12
CU.scenario_mid,31731,2020-07-12
CU.select,31772,2020-07-12
Covid19Sim.Simulator,31401.2231633781,2020-07-12
CovidActNow.SEIR_CAN,,2020-07-12
IowaStateLW.STEM,31968,2020-07-12
JHU_IDD.CovidSP,32224.4066666667,2020-07-12
LANL.GrowthRate,31787.1415387757,2020-07-12
OliverWyman.Navigator,31792.90639,2020-07-12
UA.EpiCovDA,31455,2020-07-12
UCLA.SuEIR,31679.2736815761,2020-07-12
MIT_CovAlliance.SIR,31018.213,2020-07-12
SWC.TerminusCM,24972,2020-07-12
USACE.ERDC_SEIR,32502.0121054153,2020-07-12
YYG.ParamSearch,31620.0775350191,2020-07-13
MIT_CovidAnalytics.DELPHI,31227,2020-07-13
MOBS_NEU.GLEAM_COVID,31353.0935935426,2020-07-13
NotreDame.mobility,24939.249047249,2020-07-13
PSI.DRAFT,31457,2020-07-13
UT.Mobility,31726,2020-07-13
Auquan.SEIR,32743,2020-07-13
CU.nochange,31774,2020-07-13
CU.scenario_high,31806,2020-07-13
CU.scenario_low,31800,2020-07-13
CU.scenario_mid,31757,2020-07-13
CU.select,31800,2020-07-13
Covid19Sim.Simulator,31414.7554927983,2020-07-13
CovidActNow.SEIR_CAN,,2020-07-13
IowaStateLW.STEM,31990,2020-07-13
JHU_IDD.CovidSP,32295.1533333333,2020-07-13
LANL.GrowthRate,31806.3519598519,2020-07-13
OliverWyman.Navigator,31816.08595,2020-07-13
UA.EpiCovDA,31466,2020-07-13
UCLA.SuEIR,31693.0675271078,2020-07-13
MIT_CovAlliance.SIR,31028.953,2020-07-13
SWC.TerminusCM,24980,2020-07-13
USACE.ERDC_SEIR,32507.382165536,2020-07-13
YYG.ParamSearch,31631.0485068951,2020-07-14
MIT_CovidAnalytics.DELPHI,31229,2020-07-14
MOBS_NEU.GLEAM_COVID,31359.1450467897,2020-07-14
NotreDame.mobility,24949.5498205498,2020-07-14
PSI.DRAFT,31467,2020-07-14
UT.Mobility,31735,2020-07-14
Auquan.SEIR,32772,2020-07-14
CU.nochange,31803,2020-07-14
CU.scenario_high,31841,2020-07-14
CU.scenario_low,31827,2020-07-14
CU.scenario_mid,31782,2020-07-14
CU.select,31827,2020-07-14
Covid19Sim.Simulator,31427.6768070055,2020-07-14
CovidActNow.SEIR_CAN,,2020-07-14
IowaStateLW.STEM,32011,2020-07-14
JHU_IDD.CovidSP,32367.2166666667,2020-07-14
LANL.GrowthRate,31831.0349793071,2020-07-14
OliverWyman.Navigator,31838.71199,2020-07-14
UA.EpiCovDA,31477,2020-07-14
UCLA.SuEIR,31706.1309195631,2020-07-14
MIT_CovAlliance.SIR,31039.234,2020-07-14
SWC.TerminusCM,24987,2020-07-14
USACE.ERDC_SEIR,32512.3629459323,2020-07-14
YYG.ParamSearch,31641.6944464497,2020-07-15
MIT_CovidAnalytics.DELPHI,31230,2020-07-15
MOBS_NEU.GLEAM_COVID,31364.8969551465,2020-07-15
NotreDame.mobility,24960.1575091575,2020-07-15
PSI.DRAFT,31475,2020-07-15
UT.Mobility,31744,2020-07-15
Auquan.SEIR,32799,2020-07-15
CU.nochange,31840,2020-07-15
CU.scenario_high,31876,2020-07-15
CU.scenario_low,31856,2020-07-15
CU.scenario_mid,31805,2020-07-15
CU.select,31856,2020-07-15
Covid19Sim.Simulator,31440.034563664,2020-07-15
CovidActNow.SEIR_CAN,,2020-07-15
IowaStateLW.STEM,32030,2020-07-15
JHU_IDD.CovidSP,32440.3933333333,2020-07-15
LANL.GrowthRate,31852.6633561344,2020-07-15
OliverWyman.Navigator,31860.78793,2020-07-15
UA.EpiCovDA,31487,2020-07-15
UCLA.SuEIR,31718.5021741079,2020-07-15
MIT_CovAlliance.SIR,31049.068,2020-07-15
SWC.TerminusCM,24994,2020-07-15
USACE.ERDC_SEIR,32516.9826564283,2020-07-15
YYG.ParamSearch,31652.0445946551,2020-07-16
MIT_CovidAnalytics.DELPHI,31231,2020-07-16
MOBS_NEU.GLEAM_COVID,31370.3825791088,2020-07-16
NotreDame.mobility,24971.1553631554,2020-07-16
PSI.DRAFT,31483.5,2020-07-16
UT.Mobility,31751,2020-07-16
Auquan.SEIR,32824,2020-07-16
CU.nochange,31870,2020-07-16
CU.scenario_high,31908,2020-07-16
CU.scenario_low,31890,2020-07-16
CU.scenario_mid,31832,2020-07-16
CU.select,31890,2020-07-16
Covid19Sim.Simulator,31451.9918863998,2020-07-16
CovidActNow.SEIR_CAN,,2020-07-16
IowaStateLW.STEM,32048,2020-07-16
JHU_IDD.CovidSP,32515.28,2020-07-16
LANL.GrowthRate,31876.7640207101,2020-07-16
OliverWyman.Navigator,31882.32161,2020-07-16
UA.EpiCovDA,31496,2020-07-16
UCLA.SuEIR,31730.2176126069,2020-07-16
MIT_CovAlliance.SIR,31058.48,2020-07-16
SWC.TerminusCM,25001,2020-07-16
USACE.ERDC_SEIR,32521.2639127852,2020-07-16
YYG.ParamSearch,31662.1261243701,2020-07-17
MIT_CovidAnalytics.DELPHI,31232,2020-07-17
MOBS_NEU.GLEAM_COVID,31375.6335515028,2020-07-17
NotreDame.mobility,24982.6476856477,2020-07-17
PSI.DRAFT,31492,2020-07-17
UT.Mobility,31759,2020-07-17
Auquan.SEIR,32848,2020-07-17
CU.nochange,31901,2020-07-17
CU.scenario_high,31942,2020-07-17
CU.scenario_low,31922,2020-07-17
CU.scenario_mid,31858,2020-07-17
CU.select,31922,2020-07-17
Covid19Sim.Simulator,31463.635384978,2020-07-17
CovidActNow.SEIR_CAN,,2020-07-17
IowaStateLW.STEM,32066,2020-07-17
JHU_IDD.CovidSP,32591,2020-07-17
LANL.GrowthRate,31895.2183459167,2020-07-17
OliverWyman.Navigator,31903.30815,2020-07-17
UA.EpiCovDA,31505,2020-07-17
UCLA.SuEIR,31741.3116664922,2020-07-17
MIT_CovAlliance.SIR,31067.494,2020-07-17
SWC.TerminusCM,25007,2020-07-17
USACE.ERDC_SEIR,32525.231972767,2020-07-17
YYG.ParamSearch,31671.9641312747,2020-07-18
MIT_CovidAnalytics.DELPHI,31233,2020-07-18
MOBS_NEU.GLEAM_COVID,31380.6656064423,2020-07-18
NotreDame.mobility,24994.6118696119,2020-07-18
PSI.DRAFT,31503,2020-07-18
UT.Mobility,31765.5,2020-07-18
Auquan.SEIR,32870,2020-07-18
CU.nochange,31939,2020-07-18
CU.scenario_high,31982,2020-07-18
CU.scenario_low,31946,2020-07-18
CU.scenario_mid,31885,2020-07-18
CU.select,31946,2020-07-18
Covid19Sim.Simulator,31474.9092731078,2020-07-18
CovidActNow.SEIR_CAN,,2020-07-18
IowaStateLW.STEM,32082,2020-07-18
JHU_IDD.CovidSP,32668.2066666667,2020-07-18
LANL.GrowthRate,31915.3648114252,2020-07-18
OliverWyman.Navigator,31923.75601,2020-07-18
UA.EpiCovDA,31513,2020-07-18
YYG.ParamSearch,31671.9641312747,2020-07-18
MIT_CovAlliance.SIR,31076.123,2020-07-18
SWC.TerminusCM,25013,2020-07-18
USACE.ERDC_SEIR,32528.910473161,2020-07-18
Auquan.SEIR,32870,2020-07-18
COVIDhub.ensemble,31830.4480151896,2020-07-18
CU.nochange,31939,2020-07-18
CU.scenario_high,31982,2020-07-18
CU.scenario_low,31946,2020-07-18
CU.scenario_mid,31885,2020-07-18
CU.select,31946,2020-07-18
Covid19Sim.Simulator,31474.9092731078,2020-07-18
CovidActNow.SEIR_CAN,,2020-07-18
IHME.CurveFit,31608.9591888575,2020-07-18
IowaStateLW.STEM,32082,2020-07-18
JHU_IDD.CovidSP,32668.2066666667,2020-07-18
LANL.GrowthRate,31915.3648114252,2020-07-18
MIT_CovAlliance.SIR,31076.123,2020-07-18
MIT_CovidAnalytics.DELPHI,31233,2020-07-18
MOBS_NEU.GLEAM_COVID,31380.6656064422,2020-07-18
NotreDame.mobility,24994.6118696119,2020-07-18
OliverWyman.Navigator,31923.75601,2020-07-18
PSI.DRAFT,31503,2020-07-18
UA.EpiCovDA,31513,2020-07-18
UCLA.SuEIR,31751.816974365,2020-07-18
UMass.MechBayes,31818,2020-07-18
UT.Mobility,31765.5,2020-07-18
epiforecasts.ensemble1,32514,2020-07-18
SWC.TerminusCM,25013,2020-07-18
USACE.ERDC_SEIR,32528.910473161,2020-07-18
YYG.ParamSearch,31681.5816455646,2020-07-19
MIT_CovidAnalytics.DELPHI,31234,2020-07-19
MOBS_NEU.GLEAM_COVID,31385.4567028467,2020-07-19
NotreDame.mobility,25007.1284271284,2020-07-19
PSI.DRAFT,31509,2020-07-19
UT.Mobility,31771,2020-07-19
Auquan.SEIR,32890,2020-07-19
CU.nochange,31969,2020-07-19
CU.scenario_high,32018,2020-07-19
CU.scenario_low,31979,2020-07-19
CU.scenario_mid,31909,2020-07-19
CU.select,31979,2020-07-19
Covid19Sim.Simulator,31485.8308174366,2020-07-19
IowaStateLW.STEM,32098,2020-07-19
LANL.GrowthRate,31933.6357203653,2020-07-19
UA.EpiCovDA,31521,2020-07-19
UCLA.SuEIR,31761.7644746009,2020-07-19
MIT_CovAlliance.SIR,31084.387,2020-07-19
SWC.TerminusCM,25019,2020-07-19
USACE.ERDC_SEIR,32532.3190786525,2020-07-19
YYG.ParamSearch,31690.9996655466,2020-07-20
MIT_CovidAnalytics.DELPHI,31235,2020-07-20
MOBS_NEU.GLEAM_COVID,31390.0500726285,2020-07-20
NotreDame.mobility,25020.2558552559,2020-07-20
PSI.DRAFT,31514,2020-07-20
UT.Mobility,31778,2020-07-20
Auquan.SEIR,32909,2020-07-20
CU.nochange,32005,2020-07-20
CU.scenario_high,32058,2020-07-20
CU.scenario_low,32013,2020-07-20
CU.scenario_mid,31931,2020-07-20
CU.select,32013,2020-07-20
Covid19Sim.Simulator,31496.4162995631,2020-07-20
IowaStateLW.STEM,32112,2020-07-20
LANL.GrowthRate,31949.7825433038,2020-07-20
UA.EpiCovDA,31529,2020-07-20
UCLA.SuEIR,31771.18349321,2020-07-20
MIT_CovAlliance.SIR,31092.31,2020-07-20
SWC.TerminusCM,25024,2020-07-20
USACE.ERDC_SEIR,32535.4793019284,2020-07-20
YYG.ParamSearch,31700.2372136564,2020-07-21
MIT_CovidAnalytics.DELPHI,31235,2020-07-21
NotreDame.mobility,25034.0652310652,2020-07-21
PSI.DRAFT,31521.5,2020-07-21
Auquan.SEIR,32927,2020-07-21
Covid19Sim.Simulator,31506.9010876518,2020-07-21
IowaStateLW.STEM,32127,2020-07-21
LANL.GrowthRate,31964.7662509978,2020-07-21
UA.EpiCovDA,31536,2020-07-21
UCLA.SuEIR,31780.101827193,2020-07-21
MIT_CovAlliance.SIR,31099.898,2020-07-21
SWC.TerminusCM,25030,2020-07-21
USACE.ERDC_SEIR,32538.4069931402,2020-07-21
YYG.ParamSearch,31709.3114150324,2020-07-22
MIT_CovidAnalytics.DELPHI,31236,2020-07-22
NotreDame.mobility,25048.6598956599,2020-07-22
PSI.DRAFT,31527,2020-07-22
Auquan.SEIR,32943,2020-07-22
Covid19Sim.Simulator,31517.141453215,2020-07-22
IowaStateLW.STEM,32139,2020-07-22
LANL.GrowthRate,31981.7207231636,2020-07-22
UA.EpiCovDA,31543,2020-07-22
UCLA.SuEIR,31788.5458218171,2020-07-22
MIT_CovAlliance.SIR,31107.174,2020-07-22
SWC.TerminusCM,25035,2020-07-22
USACE.ERDC_SEIR,32541.1183640667,2020-07-22
YYG.ParamSearch,31718.2375975822,2020-07-23
MIT_CovidAnalytics.DELPHI,31236,2020-07-23
NotreDame.mobility,25064.1115181115,2020-07-23
PSI.DRAFT,31534,2020-07-23
Auquan.SEIR,32959,2020-07-23
Covid19Sim.Simulator,31527.114792221,2020-07-23
IowaStateLW.STEM,32151,2020-07-23
LANL.GrowthRate,31997.388919457,2020-07-23
UA.EpiCovDA,31550,2020-07-23
UCLA.SuEIR,31796.5405224031,2020-07-23
MIT_CovAlliance.SIR,31114.146,2020-07-23
SWC.TerminusCM,25040,2020-07-23
USACE.ERDC_SEIR,32543.6305935201,2020-07-23
YYG.ParamSearch,31727.0294106372,2020-07-24
MIT_CovidAnalytics.DELPHI,31237,2020-07-24
NotreDame.mobility,25080.486994487,2020-07-24
PSI.DRAFT,31540,2020-07-24
Auquan.SEIR,32973,2020-07-24
Covid19Sim.Simulator,31537.0663044901,2020-07-24
IowaStateLW.STEM,32163,2020-07-24
LANL.GrowthRate,32012.8656182452,2020-07-24
UA.EpiCovDA,31556,2020-07-24
UCLA.SuEIR,31804.1096990361,2020-07-24
MIT_CovAlliance.SIR,31120.836,2020-07-24
SWC.TerminusCM,25044,2020-07-24
USACE.ERDC_SEIR,32545.9571861839,2020-07-24
YYG.ParamSearch,31735.6989576479,2020-07-25
MIT_CovidAnalytics.DELPHI,31237,2020-07-25
NotreDame.mobility,25097.8877048877,2020-07-25
PSI.DRAFT,31545,2020-07-25
Auquan.SEIR,32986,2020-07-25
Covid19Sim.Simulator,31546.7424209314,2020-07-25
IowaStateLW.STEM,32173,2020-07-25
LANL.GrowthRate,32027.3926521532,2020-07-25
UA.EpiCovDA,31563,2020-07-25
MIT_CovAlliance.SIR,31127.254,2020-07-25
YYG.ParamSearch,31735.6989576479,2020-07-25
SWC.TerminusCM,25049,2020-07-25
USACE.ERDC_SEIR,32548.111071401,2020-07-25
Covid19Sim.Simulator,31546.7424209314,2020-07-25
IHME.CurveFit,31677.0514672346,2020-07-25
IowaStateLW.STEM,32173,2020-07-25
LANL.GrowthRate,32027.3926521532,2020-07-25
MIT_CovAlliance.SIR,31127.254,2020-07-25
MIT_CovidAnalytics.DELPHI,31237,2020-07-25
NotreDame.mobility,25097.8877048877,2020-07-25
PSI.DRAFT,31545,2020-07-25
UCLA.SuEIR,31811.2758629583,2020-07-25
SWC.TerminusCM,25049,2020-07-25
USACE.ERDC_SEIR,32548.111071401,2020-07-25
